{
  "n_states": 25,
  "n_actions": 4,
  "learning_rate": 0.1,
  "discount_factor": 0.95,
  "epsilon": 0.1346580429260134,
  "epsilon_decay": 0.995,
  "epsilon_min": 0.01,
  "q_table": [
    [
      95.12812747437118,
      66.91919709720379,
      90.21208877639796,
      115.9357783922212
    ],
    [
      103.56024623363264,
      97.39675784615532,
      90.53777670378956,
      117.62442039380105
    ],
    [
      85.35094115067491,
      106.58296902160413,
      84.34476680217271,
      65.04227970144183
    ],
    [
      26.40899505686979,
      -3.41719674,
      89.61034206913203,
      6.877305216603385
    ],
    [
      1.3365184474142544,
      7.0992018049289385,
      -1.3397515783489926,
      0.6652225353130201
    ],
    [
      10.292821476174401,
      12.800612129519237,
      6.11800191777435,
      95.92989646287269
    ],
    [
      63.71067806482616,
      -5.099432188218006,
      10.716497223038862,
      110.21700160786035
    ],
    [
      97.42923746258143,
      102.4878344884292,
      88.0961670961825,
      -5.9528689967323265
    ],
    [
      0.0,
      0.0,
      0.0,
      0.0
    ],
    [
      -1.2916398154776692,
      17.022634217828944,
      -10.97903046256,
      0.2858620546267071
    ],
    [
      1.0341731737416633,
      11.931142016901152,
      4.291699466627443,
      -4.888187886688896
    ],
    [
      0.0,
      0.0,
      0.0,
      0.0
    ],
    [
      97.26449928862691,
      77.80120118420774,
      -15.991879539423097,
      104.17803793833407
    ],
    [
      -15.990977266025663,
      81.36326381389415,
      93.15453834645311,
      92.04291182495389
    ],
    [
      -1.4753244565542047,
      29.585647916395885,
      87.54626060782745,
      28.030547438029412
    ],
    [
      1.0532370775366195,
      6.110618119509097,
      4.019482299155433,
      13.567397386250848
    ],
    [
      -9.112524640000002,
      4.324989034563192,
      -0.22480882194087348,
      34.53047713585489
    ],
    [
      34.199492584942256,
      80.69460698849483,
      6.68094850202584,
      23.33294442817276
    ],
    [
      56.22631763152391,
      82.00126694658753,
      14.12339114674296,
      13.748371056900002
    ],
    [
      15.196891996152683,
      66.6635187220439,
      -0.92791725,
      -0.1
    ],
    [
      -2.0155550931731625,
      0.5642043429805136,
      0.2457101386625998,
      9.69319710928963
    ],
    [
      1.2216382762655609,
      2.0985228020399767,
      -1.9255736395854062,
      42.3919538007527
    ],
    [
      17.046135489538997,
      44.32085518744279,
      10.895219704545807,
      77.81049146650363
    ],
    [
      34.94555041555042,
      54.09982204760815,
      47.11617534533233,
      67.36203285831819
    ],
    [
      0.0,
      0.0,
      0.0,
      0.0
    ]
  ],
  "total_reward": 27578,
  "episodes_completed": 400
}