{
  "n_states": 25,
  "n_actions": 4,
  "learning_rate": 0.1,
  "discount_factor": 0.95,
  "epsilon": 0.3669578217261671,
  "epsilon_decay": 0.995,
  "epsilon_min": 0.01,
  "q_table": [
    [
      -4.6551855849183745,
      -3.556086215377313,
      -4.762797626388743,
      -5.071163330433454
    ],
    [
      -4.003441118698692,
      -4.02282547171574,
      -4.1207369592692045,
      -3.793972983427541
    ],
    [
      -1.8180584071229235,
      -2.605034943051064,
      -2.240824643072483,
      -1.7583117413263172
    ],
    [
      -1.678458848391636,
      -1.704929045597438,
      -2.607709336906141,
      -1.745827906465962
    ],
    [
      -1.6911014951063899,
      -1.3338035613041446,
      -1.6055581769353886,
      -1.6344097040101868
    ],
    [
      -4.110672336851784,
      -3.9466850068345494,
      -3.715873483645421,
      -4.6880644737356425
    ],
    [
      -4.027429669184044,
      -3.717654491158745,
      -3.454564072755905,
      -2.333750341753693
    ],
    [
      -3.5635968426165614,
      -3.3639955757562556,
      -3.1030237166517134,
      -2.651996538087084
    ],
    [
      -2.3122651423965976,
      -2.625030532075274,
      -2.328362193384841,
      -3.8484753725000003
    ],
    [
      -1.1367850105269897,
      -2.08380125,
      -1.3441824033414145,
      -1.1108429850326844
    ],
    [
      -3.7583105513897346,
      -4.950414004334901,
      -3.9282870540959363,
      -2.5697670049391075
    ],
    [
      -2.1512131430470367,
      -3.8899430651068245,
      -3.071183825842935,
      -3.5147144616093464
    ],
    [
      -2.215640919082458,
      -0.8333401164903336,
      -2.136364461667006,
      -4.246592049098889
    ],
    [
      -1.2957983405829856,
      -1.48265491965,
      -1.1781202881203119,
      -2.9802305000000002
    ],
    [
      -0.445726119888465,
      -0.271,
      -0.22434739765305445,
      -0.2985025
    ],
    [
      -2.8248819648439176,
      -3.2050182498013484,
      -2.7412724522624448,
      -2.5477316126517673
    ],
    [
      -2.209384638068232,
      -1.1877876095422693,
      -2.5386387092392577,
      -0.3604513584917426
    ],
    [
      -0.692391792897059,
      10.050908309804603,
      -1.6781895304873418,
      -0.9399336972500001
    ],
    [
      -0.271,
      7.288722395000001,
      0.33825291813634295,
      -0.271
    ],
    [
      -1.3439,
      9.9,
      -0.1,
      -0.1
    ],
    [
      -2.35879779684558,
      -2.4144807450893704,
      -2.4338510771747375,
      -2.3531994499507958
    ],
    [
      -0.6127141995275087,
      -0.5675384761661737,
      0.03457934862717743,
      12.105395294254821
    ],
    [
      -0.28905000000000003,
      2.3672589944852462,
      -0.3460136165481557,
      47.71674978197141
    ],
    [
      -0.05291024999999997,
      4.306797395,
      5.876580940410955,
      80.65510013036678
    ],
    [
      0.0,
      0.0,
      0.0,
      0.0
    ]
  ],
  "total_reward": -1853,
  "episodes_completed": 200
}